The Key Left Outside|Access|a heavy brass key resting outside a small ivory steel vault whose detached door is a terracotta bridge|The key was valuable because someone could keep the door shut.|The door has become a bridge. Access no longer depends on possessing the old key.
The Turnstile at Rest|Access|a miniature steel turnstile with its three arms laid flat as a fan-shaped communal bench, terracotta paving|The machine counted each person before deciding whether they belonged.|Its arms now support a place to sit. The square can be entered without being counted.
A Door for Nobody|Access|a detached ivory security door propped horizontally on low terracotta supports as a shared table, brass hinges visible|The door separated those with permission from those still waiting.|Laid on its side, it has become a table with room on every edge.
The Password Drawer|Access|an old steel card-index drawer with blank paper dividers unfolding into a wide ivory stair|The drawer held the clues needed to recover a life behind a login.|Those clues have become steps. The record can be approached without reconstructing a lost identity.
Where the Fence Ended|Access|three bent navy steel fence panels interrupted by a carefully fitted terracotta footpath, discarded padlock on ground|The fence turned a shared landscape into a private destination.|The path passes through the gap. Its usefulness belongs to everyone who walks it.
Open After Hours|Access|a small ivory ticket office with an empty window and folded steel shutters forming an outdoor reading seat|The archive opened only while its keeper was at work.|The shutter now offers a seat. Reading need not stop when the office closes.
No One at the Desk|Access|a worn ivory reception desk cut into two halves separated by a terracotta walkway, abandoned brass service bell|A stranger at a desk once decided who could pass.|The desk has parted. What it guarded can be reached without an introduction.
The Gate Folded Flat|Access|a miniature steel concertina security gate folded flat into a low footbridge between two terracotta blocks|The gate was designed to expand across an opening.|It now reaches across a gap. The same material offers passage instead of permission.
An Address That Remained|Identity|a small dented ivory mailbox mounted on a navy base with its door open and three unmarked paper envelopes laid in different directions|A platform gave each person an address and could take it away.|The messages can outlive the address that first received them, carried into places their sender never rented.
The Nameplate Unbolted|Identity|an unlettered aged brass nameplate detached from a steel office door, resting on terracotta blocks with loose screws|A name belonged to an account before it belonged to its owner.|The plate can be carried away. Identity becomes something a person brings with them.
The Coat Hook|Identity|a freestanding worn steel coat hook holding an empty ivory lanyard and a folded terracotta-colored cloth, blank badge|A plastic badge explained who someone was allowed to be inside one building.|The hook is emptying. The person can leave without leaving their history behind.
The Visitor Book|Identity|a thick unlettered ivory visitors book opened on a small steel stand with its binding separated into portable sewn paper signatures|Names were entered into a book whose keeper controlled the room.|The pages can travel. A record of participation no longer requires a permanent receptionist.
Two Handles One Door|Identity|an upright weathered ivory door panel with different brass handles on both sides standing loose on terracotta paving|The account felt personal, but the service held the other handle.|The panel stands free of its wall. Leaving one service need not erase the person using it.
The Empty Badge Rack|Identity|a navy steel badge rack with blank ivory cards removed and arranged as a small open circular meeting space|Identity was sorted into slots belonging to the organization.|The cards have left their compartments. People can gather without accepting the old arrangement.
The Signature Table|Identity|a low terracotta desk with a worn steel fountain pen and an ivory paper sheet whose edge folds into a free-standing arch, no writing|A signature was accepted only when the right office witnessed it.|The record can be checked independently. Trust has a path beyond the office door.
The Carrying Case|Identity|an open ivory hard-shell carrying case with steel clasps, holding a tiny terracotta house and a coiled fabric cable|A digital home was useful only while its host recognized the tenant.|The case is open for travel. Belonging can continue when an address changes.
The Portrait Cabinet|Identity|a small navy steel cabinet containing empty ivory picture frames with one frame leaning outside as a small gateway|A profile became the platform's preferred version of a person.|The frames leave the cabinet. No single view needs to own the whole story.
The Switchboard Quiet|Communication|an abandoned ivory telephone switchboard with unplugged cloth cables laid as several connecting paths between terracotta stools|Every conversation crossed a board controlled by somebody else.|The loose lines now connect neighbors directly. The exchange can fall silent without silencing them.
The Receiver on the Table|Communication|a worn ivory telephone receiver resting across two separate terracotta pedestals, navy coiled cable loosely linking them|The call existed while the service chose to carry it.|The receiver rests between two places. A connection can be rebuilt by the people at either end.
The Paper Route|Communication|a broken navy steel printer releasing one broad ivory paper ribbon that folds into a small winding terracotta-supported footpath|Messages arrived through a machine whose owner controlled delivery.|The paper has found another route. The record is useful beyond the printer that produced it.
The Bell Without a Tower|Communication|a small brass service bell suspended from an open ivory computer frame, terracotta seats arranged below|An announcement reached everyone only if the central tower agreed to ring.|The bell has come down to the square. Anyone nearby can decide what deserves to be heard.
The Fold Between Us|Communication|two aged ivory envelopes joined by a carefully folded paper footbridge over a navy steel channel, terracotta supports|The inbox kept a conversation in separate compartments.|The fold connects them. A shared public record can survive the disappearance of either inbox.
The Postbox Orchard|Communication|a dented navy postbox open on its side with three small terracotta pots and restrained green shoots emerging from its slots|The box held messages until a private route carried them onward.|The empty slots shelter new growth. What was entrusted to one route can take root in several places.
The Last Broadcast|Communication|an ivory tabletop radio opened to reveal a miniature circular terracotta gathering place instead of electronics, antenna laid down|One signal decided what a room would hear.|The listeners have a place to speak to each other. Meaning can continue after the broadcast ends.
The Reel Passed On|Communication|a weathered navy reel-to-reel tape machine with one detached metal reel on terracotta blocks and a loose ribbon connecting it to another|The recording was stranded when the machine that played it stopped.|The reel can be copied and carried. A voice need not share the fate of its first player.
The Message Bench|Communication|an open steel wall-mounted letter holder unfolded into an ivory and terracotta bench, blank folded paper beside it|A message waited in a slot for the right person to arrive.|The slot has become a place to meet. The record invites another encounter.
The Unplugged Conversation|Communication|two ivory intercom boxes facing one another across a terracotta table with disconnected cables arranged neatly on navy ground|The building wired every exchange through a central room.|The table remains useful without that room. People can choose another way to keep talking.
The Room Beyond the Counter|Community|an old ivory checkout counter with a removable section turned into a terracotta communal table, steel stools around it|The platform measured a gathering by what passed through its counter.|The counter opens into a room. A community can value the people who stay, not only the transactions they make.
The Feed Becomes a Street|Community|a tall narrow navy steel display rack laid horizontally as a terracotta pedestrian street with ivory benches|The feed decided the order in which lives appeared.|The rack is laid down. Neighbors can choose where to stop instead of being carried past each other.
Seats Around the Router|Community|an unplugged ivory network router at the center of a ring of five different terracotta stools, steel antenna lowered|The room depended on one box to connect everyone inside it.|The seats still face each other. The community has reasons to remain when the hardware stops.
The Noticeboard Unpinned|Community|a weathered navy noticeboard with blank ivory paper panels removed and made into a small open-sided shelter on terracotta legs|Only the keeper could pin a notice where everyone would see it.|The panels form a shelter. Shared space can be built by those who use it.
The Meeting After Closing|Community|a miniature ivory office shutter half dismantled into a circular bench around a low terracotta meeting table|The conversation ended whenever the host closed the room.|The room's pieces now make another meeting place. Its participants can carry the conversation forward.
The Common Socket|Community|a large worn ivory electrical socket housing transformed into a miniature communal well with terracotta rim and steel bucket|Everyone depended on a connection owned by one provider.|The opening has become a well. Shared infrastructure matters because people can keep it useful together.
The Table From the Wall|Community|four dismantled navy steel partition panels joined into a broad communal table on ivory legs with terracotta cups|The walls divided a shared conversation into private channels.|The panels now meet at a table. What separated people can support their gathering.
The Courtyard in the Rack|Community|a small open steel server rack containing a quiet terracotta courtyard with three ivory doorways and benches|The rack hosted a community without giving it a place of its own.|A courtyard now occupies the frame. The people can recognize their gathering beyond its original host.
The Unreserved Seat|Community|an aged ivory office waiting chair with its numbered ticket holder removed, terracotta footrest and a loose steel bracket|Every seat came after a ticket, a ranking, and a wait.|The holder is gone. There is room for someone whose arrival was never predicted.
The Roof We Carried|Community|three old ivory keyboard panels joined into a small pitched shelter on navy steel posts above a terracotta gathering floor|The platform promised a home while retaining the roof.|The roof can be carried in pieces. A community can rebuild shelter somewhere else.
The Shelf Beyond the Wall|Knowledge|an ivory bookshelf passing through an empty navy steel screen frame with worn books and terracotta supports|Knowledge was visible from outside but reachable only through a subscription.|The shelf passes through the frame. Reading can continue beyond the boundary that once sold access.
The Index Set Free|Knowledge|a navy card catalog with open drawers and blank ivory index cards arranged into a small fan-shaped amphitheater|The index was useful only to those admitted to the catalog room.|The cards have left their drawers. New readers can arrange another route through the same knowledge.
The Reading Lamp|Knowledge|an unplugged ivory desk lamp whose metal shade is lifted to admit soft daylight onto an open blank paper book, terracotta desk|The lamp was connected to a service that could end the reading.|Its shade now admits daylight. The page does not need its original supplier to remain legible.
The Book Through the Slot|Knowledge|a thick ivory book crossing an open navy steel return slot with a terracotta ramp beneath its spine|The institution controlled both the shelves and the route back to them.|The book can pass through the slot in either direction. Access need not be a one-way promise.
The Blackboard Washed Clean|Knowledge|a small dark navy blackboard removed from its ivory frame and resting as a shared low table on terracotta blocks, no markings|The lesson belonged to the room that presented it.|The board becomes a table for another lesson. Knowledge can be used outside the structure that taught it.
The Atlas Unfolded|Knowledge|a large unprinted ivory accordion atlas unfolding through a steel cabinet into a terracotta-supported landscape of paper ridges|The world was compressed into the map a service chose to show.|The folds open beyond the cabinet. Other people can trace paths the original mapkeeper never offered.
The Spare Copy|Knowledge|two weathered ivory books separated by a small navy copying machine with its lid open and terracotta shims|A single copy made the keeper indispensable.|The second copy makes another reader possible. Continuity begins with a record that can leave the shelf.
The Lesson Outside|Knowledge|an ivory classroom desk emerging from an empty navy computer monitor with a terracotta stool and blank paper notebook|Learning took place inside a room rented from a platform.|The desk has moved outside. The lesson can be rebuilt wherever another reader arrives.
The Archive Ladder|Knowledge|a worn steel library ladder extending out of a miniature ivory filing cabinet onto terracotta paving|The top shelf belonged to whoever controlled the ladder.|The ladder now reaches beyond the cabinet. Knowledge becomes easier to approach when the route is shared.
The Margins Remain|Knowledge|a weathered ivory ledger opened wide with unprinted margins folding into small terraces supported by navy steel clips and terracotta blocks|The official page left little space for another interpretation.|The margins have become places to stand. The same record can support readings its first publisher did not anticipate.
The Disk Becomes a Pond|Storage|an opened steel hard drive with its circular platter transformed into a shallow still-water basin edged in terracotta, ivory housing|A life was stored on a disk whose failure could make it disappear.|The empty mechanism holds water. Memory can persist when it is carried beyond a single device.
The Drawer of Small Worlds|Storage|an open navy steel disk drawer holding five small ivory house-like data blocks, one carried outside on terracotta steps|Many lives were packed into one inaccessible drawer.|The small worlds have separate exits. A shared record can have more than one home.
The Cabinet on Wheels|Storage|a dented ivory server cabinet on small steel casters with a terracotta ramp extending from its open lower door|The host made the archive feel fixed to an address.|The cabinet can move. The data can be recovered and served from somewhere its first owner never planned.
The Box With Many Lids|Storage|a navy steel storage box with several ivory lids opened in different directions like petals around terracotta data blocks|One lid controlled the only way into the box.|Several openings now lead to the same contents. No single route has to remain indispensable.
The Memory Cradle|Storage|a worn ivory disk cradle supporting a tiny terracotta cradle-shaped bridge between two detached navy hard drive housings|The machine was trusted to hold memory alone.|The cradle spans two places. A record can be protected by being held in common.
The Backup Stool|Storage|three stacked steel external drive housings forming a stable low stool with a terracotta seat and ivory cable ties|Backups waited unseen for the day the original failed.|The spare copies now support a seat. Redundancy is useful long before disaster makes it visible.
The Cartridge House|Storage|an old ivory tape cartridge opened into a small terracotta courtyard house with a detached navy plastic lid|The recording lived inside a sealed format and the machine that understood it.|The cartridge opens into a home. Its contents can be read without preserving every old wall.
The Server Drawer Bridge|Storage|a long navy steel rack drawer pulled clear of its cabinet and bridging two terracotta supports, ivory drive bays|The drawer moved only as far as its host allowed.|Freed from the rails, it reaches somewhere new. The stored record can serve another place.
The Stack Has Openings|Storage|a sculptural stack of five aged ivory floppy disks with terracotta spacers making open passages through the pile|The archive grew by adding more layers to the same closed stack.|Openings now interrupt it. More data need not mean a taller wall around it.
The Cold Room Thawed|Storage|an open ivory insulated data cabinet with navy hinges and a shallow terracotta tray of damp soil and small leaves inside|The cold room preserved records by keeping people out.|Its door is open and something is growing. Preservation can make room for use as well as survival.
The Clock Without an Office|Time|an ivory office clock with its unmarked face removed and circular steel rim framing terracotta steps, no numerals|The office decided when the record could be reached.|The clock no longer sets opening hours. A public record can wait for whoever needs it next.
Five Empty Spools|Time|five differently worn steel tape spools arranged on terracotta blocks with one continuous ivory ribbon crossing them|Time was held in a sequence that one machine had to replay.|The ribbon can cross several supports. History can be carried without trusting a single player.
The Queue Dissolved|Time|a miniature ivory ticket dispenser opened with its unprinted paper roll spread into a circular terracotta-edged seat|The queue made access depend on the order assigned by a machine.|The roll forms a circle. The record is there whenever a reader is ready.
The Calendar Fold|Time|an unprinted ivory desk calendar folded into an open stair on a navy steel base with terracotta treads|The service measured belonging in renewals and expiry dates.|The pages become steps. What was made can outlast the payment period that hosted it.
The Waiting Room Window|Time|an empty ivory computer window in a navy waiting-room wall fragment with terracotta seating visible through both sides|People waited for a service to return before they could reach their past.|The wall has an opening. Recovery can begin without waiting for the former host.
The Tape That Continued|Time|a worn navy cassette shell split open with ivory tape curling into a small continuous walking loop on terracotta supports|The recording ended where the cassette's player stopped.|The loop suggests another reading. A durable record can meet people outside its original moment.
The Timetable Removed|Time|an ivory transit notice frame with its blank paper schedule removed and steel bars turned into a terracotta footbridge|The route existed only at the times printed by its operator.|The frame becomes a crossing. The people who need the path can keep another route open.
After the Session Ended|Time|an ivory terminal keyboard pulled free from a navy desk shell, its blank keys arranged as terracotta-supported stepping stones|The session ended and the system forgot the visitor.|The keys still make a path. The work can remain available after the connection closes.
The Long Return|Time|a weathered steel return chute curving from an ivory archive box back onto an open terracotta reading table|Records returned to the archive and vanished from public reach.|The chute leads back to the table. Preservation can be a route toward another encounter.
The Broken Meter|Value|an ivory coin-operated meter with its glass face empty and steel coin tray unfolded into a terracotta bench|The meter turned every moment of access into a charge.|Its tray now supports a pause. Public readability can exist beside private token ownership.
The Till Grows Quiet|Value|an old ivory cash register with its drawer open, empty steel compartments holding small terracotta cups|The register measured every exchange by what could be collected.|The compartments hold something shared. Value can include what remains useful without another payment.
The Receipt Stair|Value|an unprinted paper receipt rolling from a navy printer into an accordion staircase supported by terracotta blocks|The receipt was proof of a purchase inside one company's system.|The record becomes a stair anyone can inspect. Verification can survive the seller's disappearance.
The Price Tag Detached|Value|a blank ivory ceramic price tag untied from a navy storage cabinet and resting on a terracotta reading bench|The tag described ownership as though it also described who could see.|Removed from the door, it tells a smaller story. Owning a token need not close the artwork to everyone else.
The Counterweight|Value|a worn steel balance scale with a terracotta book on one side and an open ivory computer frame on the other|The platform weighed participation according to its own business.|The balance invites a different measure: what the record gives people who never owned the platform.
The Empty Subscription Box|Value|an ivory subscription card box opened flat into a small terracotta plaza, loose navy steel latch beside it|Access arrived in periods that someone else could stop renewing.|The box no longer closes around the contents. The work can remain readable beyond a billing cycle.
The Coin Slot Window|Value|an oversized worn navy coin slot standing upright with an ivory frame and a terracotta footpath passing through its opening|The slot admitted value before it admitted a visitor.|The opening has become a window. The record can be seen without feeding the old mechanism.
The Ledger Outside|Value|a thick ivory account ledger resting outside an open navy steel safe, terracotta block holding its blank pages apart|The ledger was trusted because a powerful keeper said it was correct.|The pages can be inspected. A shared history invites verification beyond the keeper's claim.
The Auction Bell at Rest|Value|a small worn brass auction bell resting on an ivory keyboard slab beside a terracotta reading stool|The room gave the work attention only while bids were being called.|The bell is quiet and the work remains. Its public life can continue between owners.
The Shopfront Unlatched|Value|a miniature ivory shopfront with navy steel shutters folded into terracotta-supported public benches, no signage|The storefront made culture available through a purchase.|Its shutters open into a place to stay. A collector can support the work while others continue to encounter it.
The Patchwork Receiver|Repair|a worn ivory radio housing repaired with visible navy steel plates and terracotta wedges, its empty speaker opening a tiny passage|The device became obsolete when its maker stopped caring for it.|Visible repairs keep it useful. An open record gives other people a place to begin.
The Spare Parts Table|Repair|an orderly still life of ivory keycaps, a navy vent panel and brass screws assembled into a tiny terracotta-legged table|The parts were waste after the original system failed.|Together they support another use. Open materials let a future builder decide what comes next.
The Hinge Remembers|Repair|an oversized aged brass hinge joining two ivory panels into a small open shelter on terracotta ground|The hinge was hidden inside a door that no longer worked.|It still makes movement possible. A small surviving piece can help another world open.
The Repaired Path|Repair|a terracotta walkway through an ivory monitor shell repaired with two visible navy steel staples, detached screen beside it|The service treated a broken connection as the end of the route.|The repair is visible. Continuity can include the marks left by people who kept the path open.
The Socket Reused|Repair|a worn navy power strip with its ivory sockets converted into tiny terracotta planters, loose cord coiled calmly beside it|The strip had a purpose only while the network supplied it.|Its openings support another kind of growth. Materials can remain useful after their assigned job ends.
The Screw Left In Place|Repair|a single large brass screw securing a repaired ivory terminal corner to a terracotta base with a navy patch plate|The device was meant to be discarded when a proprietary part failed.|An ordinary fastener keeps the corner together. Open systems make room for ordinary repairs.
The Workshop Without a Sign|Repair|an open-sided miniature workshop made from navy server panels with an ivory workbench and terracotta stools, no text|Repair depended on an authorized shop and the right badge.|The workshop is open on every side. Anyone with the record and the skill can help rebuild a way to use it.
The Cable Rewoven|Repair|an unplugged ivory cloth cable woven loosely through a small navy steel frame to form a terracotta-legged seat|The cable connected a device to one service.|Rewoven, it supports a different connection. The old material does not have to keep its old purpose.
The Repair Is the Record|Repair|a weathered ivory filing drawer with a carefully fitted terracotta replacement panel and visible navy steel brackets|The archive tried to hide the fact that anything had ever changed.|The repair stays visible. A history is more useful when its changes can be examined.
The Seed in the Drive Bay|Continuity|an open navy drive bay cradling one terracotta seed pot beneath an ivory vented cover, one small green shoot|The empty bay seemed to mark the end of a stored life.|A seed occupies it now. What survives can become the beginning of another use.
The Copies Take Root|Continuity|three ivory external disk shells opened as terracotta-lined planters, connected by a loose navy fabric ribbon|The archive once waited behind a single lock.|Several copies now have places to grow. A record is harder to lose when more people can carry it.
The Window Takes the Rain|Continuity|an empty ivory CRT frame sheltering a terracotta basin with shallow rainwater and a navy cable laid around its edge|The screen once kept the outside world at a controlled distance.|The frame admits weather. What remains can belong to the place where it is found.
The Shelf Becomes a Nursery|Continuity|a navy steel equipment shelf holding five small ivory pots with terracotta soil and modest seedlings, one empty bay|The shelf preserved machines that would eventually stop working.|It now holds beginnings. Preservation has meaning when someone can use what survives.
The Archive in the Open|Continuity|an ivory archival storage box with all sides unfolded flat around a central terracotta book and navy metal clasps|The archive claimed safety by keeping its contents inside.|The sides are open. Other people can protect the record by reading it, copying it, and keeping it elsewhere.
The Path Beyond the Plug|Continuity|an unplugged ivory power connector at the end of a navy cable beside a terracotta path that continues through an empty steel socket frame|The service assumed the route ended wherever its power ended.|The path carries on. The artwork can have a future beyond the machine that first displayed it.
The House Built From Cases|Continuity|a small open-sided house assembled from aged ivory computer cases with a navy roof panel and terracotta floor|Each case once held a private world that disappeared when its host failed.|Together the cases make a shared shelter. The parts of the old world can support a more open one.
The Last Server Is a Seat|Continuity|a decommissioned navy server tower laid on its side with an ivory panel and terracotta cushion forming a quiet bench|The tower was indispensable to the people whose lives it stored.|The server has become a seat. Their records can continue elsewhere while the machine finally rests.
The World We Can Carry|Continuity|an open ivory carrying case containing a miniature terracotta path, a small navy cabinet and an empty ivory window frame, grounded sculptural still life|We mistook the places that hosted our lives for the lives themselves.|The case can be carried. What people choose to preserve can find another reader, another home, and another world.
